persona_id,competencia,renda_mensal_mock,investimentos_bradesco_mock,gasto_cartao_mock,viagens_mes_mock,interacoes_digitais_mock,contatos_gerente_mock,score_engajamento_mock,alerta_tendencia
PRI-001,2025-07,169166,1149760,68087,0,4,0,58,Crescimento
PRI-001,2025-08,181688,1152728,78036,0,13,2,67,Crescimento
PRI-001,2025-09,174021,1172512,82236,1,15,1,54,Crescimento
PRI-001,2025-10,172263,1235313,86639,1,1,0,75,Crescimento
PRI-001,2025-11,171895,1176567,82404,1,2,2,64,Crescimento
PRI-001,2025-12,180878,1277977,80877,0,18,4,71,Crescimento
PRI-001,2026-01,173252,1299102,90204,0,8,0,47,Crescimento
PRI-001,2026-02,182504,1347813,89086,2,12,3,58,Crescimento
PRI-001,2026-03,177468,1260639,77798,1,15,0,98,Crescimento
PRI-001,2026-04,187607,1339906,93742,1,1,0,52,Crescimento
PRI-001,2026-05,182465,1398426,84543,0,3,2,45,Crescimento
PRI-001,2026-06,186147,1319825,96337,2,15,0,68,Crescimento
PRI-002,2025-07,197980,4294178,89490,0,7,1,64,Crescimento
PRI-002,2025-08,195975,4346257,94901,0,11,2,67,Crescimento
PRI-002,2025-09,198433,4492604,83521,0,5,1,57,Crescimento
PRI-002,2025-10,202551,4246358,81397,1,4,1,52,Crescimento
PRI-002,2025-11,208666,4584775,95233,0,18,4,35,Crescimento
PRI-002,2025-12,208627,4610910,80327,0,4,3,77,Crescimento
PRI-002,2026-01,202843,4200169,79288,0,10,2,61,Crescimento
PRI-002,2026-02,210017,4591849,85602,0,8,1,85,Crescimento
PRI-002,2026-03,208002,4559552,82051,0,18,0,66,Crescimento
PRI-002,2026-04,218642,4431935,88330,0,3,1,62,Crescimento
PRI-002,2026-05,215735,4307848,78498,0,2,4,49,Crescimento
PRI-002,2026-06,216928,4348920,89545,0,14,2,72,Crescimento
PRI-003,2025-07,92996,9311098,13166,0,17,1,34,Estável
PRI-003,2025-08,97006,9553988,11940,0,9,0,84,Estável
PRI-003,2025-09,95195,9229784,13629,1,9,2,94,Estável
PRI-003,2025-10,96199,9104093,13898,1,5,3,67,Estável
PRI-003,2025-11,102629,9243540,12399,1,11,0,70,Estável
PRI-003,2025-12,103496,9543731,14007,0,10,0,47,Estável
PRI-003,2026-01,100937,9700946,14037,0,8,2,73,Estável
PRI-003,2026-02,102278,10030891,15225,0,6,1,63,Estável
PRI-003,2026-03,105864,10265433,13481,0,1,2,98,Estável
PRI-003,2026-04,98777,9700912,13132,1,12,2,76,Estável
PRI-003,2026-05,101891,9957933,13895,0,12,0,53,Estável
PRI-003,2026-06,104617,10559328,15352,1,7,2,84,Estável
PRI-004,2025-07,164214,853298,10394,0,8,4,76,Estável
PRI-004,2025-08,159328,792996,10834,0,2,1,68,Estável
PRI-004,2025-09,164555,794205,9970,1,18,1,69,Estável
PRI-004,2025-10,169142,836200,10299,0,10,0,39,Estável
PRI-004,2025-11,162246,825805,12097,0,9,4,76,Estável
PRI-004,2025-12,171977,850134,12401,1,16,0,80,Estável
PRI-004,2026-01,169550,844638,10782,1,15,2,61,Estável
PRI-004,2026-02,164801,874804,11650,2,11,0,55,Estável
PRI-004,2026-03,175650,910576,12108,0,12,3,36,Estável
PRI-004,2026-04,163949,921454,13991,0,1,1,74,Estável
PRI-004,2026-05,168622,882065,13130,0,5,3,66,Estável
PRI-004,2026-06,166275,925043,11972,1,9,1,64,Estável
PRI-005,2025-07,66740,3801063,18956,0,14,0,57,Estável
PRI-005,2025-08,64749,3730071,20890,0,7,3,64,Estável
PRI-005,2025-09,66554,3734167,18602,0,17,3,43,Estável
PRI-005,2025-10,63776,3601827,22234,0,6,2,73,Estável
PRI-005,2025-11,63223,3787187,21060,0,1,2,53,Estável
PRI-005,2025-12,66011,3580241,20681,1,7,0,21,Estável
PRI-005,2026-01,68823,3680141,19448,0,1,2,85,Estável
PRI-005,2026-02,65862,3797331,19863,0,6,4,85,Estável
PRI-005,2026-03,68910,3699770,22690,0,5,4,62,Estável
PRI-005,2026-04,65705,3603271,20132,0,4,1,98,Estável
PRI-005,2026-05,65088,3821801,22615,0,2,3,72,Estável
PRI-005,2026-06,68850,3616234,19408,1,5,0,46,Estável
PRI-006,2025-07,147717,2243707,28899,2,18,1,63,Crescimento
PRI-006,2025-08,151255,2404232,24989,0,2,4,77,Crescimento
PRI-006,2025-09,155727,2319045,30021,2,14,4,57,Crescimento
PRI-006,2025-10,153398,2482607,25680,0,1,0,36,Crescimento
PRI-006,2025-11,156228,2422207,26555,1,15,2,53,Crescimento
PRI-006,2025-12,163039,2461728,27254,1,17,3,70,Crescimento
PRI-006,2026-01,157031,2585090,26959,0,15,1,51,Crescimento
PRI-006,2026-02,162708,2439275,27177,0,9,0,51,Crescimento
PRI-006,2026-03,165357,2448042,29158,0,12,4,50,Crescimento
PRI-006,2026-04,161325,2505359,26108,1,16,1,58,Crescimento
PRI-006,2026-05,171506,2663678,30885,1,14,0,39,Crescimento
PRI-006,2026-06,162991,2611980,30583,0,12,3,58,Crescimento
PRI-007,2025-07,186682,5730477,62608,0,9,4,81,Crescimento
PRI-007,2025-08,201110,5447088,60998,0,14,3,62,Crescimento
PRI-007,2025-09,199724,5881716,51805,0,14,2,65,Crescimento
PRI-007,2025-10,202789,5754384,61569,0,2,4,49,Crescimento
PRI-007,2025-11,196631,5979705,61471,0,13,2,74,Crescimento
PRI-007,2025-12,197263,5864748,61361,0,15,1,75,Crescimento
PRI-007,2026-01,198990,6104377,62173,0,6,0,70,Crescimento
PRI-007,2026-02,211716,5924237,63518,0,1,3,72,Crescimento
PRI-007,2026-03,203802,6047616,55198,0,10,4,98,Crescimento
PRI-007,2026-04,211055,5951715,56315,0,10,2,83,Crescimento
PRI-007,2026-05,220143,6159330,60147,0,6,1,46,Crescimento
PRI-007,2026-06,226416,6222466,63909,0,13,3,49,Crescimento
PRI-008,2025-07,78986,1500916,14412,0,14,2,87,Crescimento
PRI-008,2025-08,78105,1536099,16009,0,11,2,64,Crescimento
PRI-008,2025-09,81723,1620327,14491,2,11,3,57,Crescimento
PRI-008,2025-10,82212,1644585,15419,1,9,1,38,Crescimento
PRI-008,2025-11,81180,1555610,15186,1,2,2,64,Crescimento
PRI-008,2025-12,84940,1705191,16154,2,14,1,83,Crescimento
PRI-008,2026-01,83321,1631101,15524,1,2,4,71,Crescimento
PRI-008,2026-02,80727,1630327,16821,1,5,1,84,Crescimento
PRI-008,2026-03,83070,1691558,17061,0,4,2,90,Crescimento
PRI-008,2026-04,83233,1769855,15288,0,1,3,48,Crescimento
PRI-008,2026-05,83707,1750736,15399,0,2,1,53,Crescimento
PRI-008,2026-06,86976,1734544,16376,0,16,3,78,Crescimento
PRI-009,2025-07,202152,651872,63016,1,13,1,84,Estável
PRI-009,2025-08,203667,667713,65669,1,8,1,76,Estável
PRI-009,2025-09,206915,679161,66141,0,18,3,58,Estável
PRI-009,2025-10,195447,685892,66200,1,17,1,61,Estável
PRI-009,2025-11,204401,690081,66460,0,10,0,67,Estável
PRI-009,2025-12,210304,709996,62492,0,3,2,74,Estável
PRI-009,2026-01,214346,678520,56891,2,1,2,91,Estável
PRI-009,2026-02,211932,690845,65934,1,14,4,59,Estável
PRI-009,2026-03,206996,671937,65451,0,3,4,71,Estável
PRI-009,2026-04,211088,693397,57652,1,11,0,29,Estável
PRI-009,2026-05,220620,721637,57020,0,2,1,65,Estável
PRI-009,2026-06,210476,692829,67537,0,11,3,61,Estável
PRI-010,2025-07,112752,7305097,34275,0,15,4,70,Queda/Atenção
PRI-010,2025-08,106330,7329783,30362,0,11,2,47,Queda/Atenção
PRI-010,2025-09,111729,7156340,30379,0,11,4,88,Queda/Atenção
PRI-010,2025-10,109287,7617335,33284,0,5,3,41,Queda/Atenção
PRI-010,2025-11,109291,7448565,33620,0,16,4,54,Queda/Atenção
PRI-010,2025-12,109396,7840677,34264,0,12,1,54,Queda/Atenção
PRI-010,2026-01,113963,7806836,32635,0,1,1,58,Queda/Atenção
PRI-010,2026-02,110164,7361119,33538,0,9,0,84,Queda/Atenção
PRI-010,2026-03,106367,7563795,40917,0,13,1,97,Queda/Atenção
PRI-010,2026-04,106728,7688274,35574,0,2,1,47,Queda/Atenção
PRI-010,2026-05,111768,7317283,40776,0,15,0,63,Queda/Atenção
PRI-010,2026-06,109079,7896161,35585,0,3,3,57,Queda/Atenção
PRI-011,2025-07,77137,7679397,69770,2,2,3,76,Estável
PRI-011,2025-08,77811,7820588,74744,0,14,2,64,Estável
PRI-011,2025-09,76257,8136608,72315,1,10,0,64,Estável
PRI-011,2025-10,78556,7797031,84067,2,12,2,45,Estável
PRI-011,2025-11,77770,7806272,82654,0,12,0,88,Estável
PRI-011,2025-12,75749,8353157,69791,1,18,4,80,Estável
PRI-011,2026-01,74531,8154040,77081,0,8,4,71,Estável
PRI-011,2026-02,75893,8445233,71329,0,18,1,54,Estável
PRI-011,2026-03,80173,8644393,82289,1,1,4,65,Estável
PRI-011,2026-04,74950,8484231,71336,1,13,1,51,Estável
PRI-011,2026-05,80284,8123116,76845,0,13,4,87,Estável
PRI-011,2026-06,79066,8591836,81847,1,2,3,45,Estável
PRI-012,2025-07,134422,5424805,50925,1,10,4,57,Crescimento
PRI-012,2025-08,140044,5326442,57040,0,4,2,75,Crescimento
PRI-012,2025-09,139791,5514101,48524,1,3,2,39,Crescimento
PRI-012,2025-10,137649,5484557,50181,2,8,4,62,Crescimento
PRI-012,2025-11,145968,5512884,58230,0,1,2,87,Crescimento
PRI-012,2025-12,145507,5027937,58475,2,4,1,66,Crescimento
PRI-012,2026-01,140676,5324194,51528,0,13,4,60,Crescimento
PRI-012,2026-02,139770,5062146,56525,2,2,1,75,Crescimento
PRI-012,2026-03,151485,4950993,59107,0,10,0,93,Crescimento
PRI-012,2026-04,153441,5061387,53398,1,15,4,85,Crescimento
PRI-012,2026-05,148003,5328895,48729,0,2,0,53,Crescimento
PRI-012,2026-06,145984,4895652,51217,1,18,1,86,Crescimento
PRI-013,2025-07,168544,1295473,25556,0,5,4,48,Crescimento
PRI-013,2025-08,170170,1289851,27309,2,4,1,76,Crescimento
PRI-013,2025-09,164622,1321564,24123,1,16,1,72,Crescimento
PRI-013,2025-10,175222,1312273,27674,1,1,1,65,Crescimento
PRI-013,2025-11,164792,1308461,28105,0,6,3,52,Crescimento
PRI-013,2025-12,164206,1380455,27337,0,1,1,66,Crescimento
PRI-013,2026-01,162697,1409806,24293,1,7,1,34,Crescimento
PRI-013,2026-02,165042,1373385,26078,0,3,2,42,Crescimento
PRI-013,2026-03,169309,1360319,26682,1,12,2,73,Crescimento
PRI-013,2026-04,169294,1342665,29237,1,3,2,53,Crescimento
PRI-013,2026-05,167358,1388899,26482,0,9,4,63,Crescimento
PRI-013,2026-06,167872,1401704,27733,1,8,3,45,Crescimento
PRI-014,2025-07,213235,4141568,31540,0,17,1,75,Estável
PRI-014,2025-08,210539,3885861,33317,0,9,0,69,Estável
PRI-014,2025-09,220582,3814932,31417,0,7,0,48,Estável
PRI-014,2025-10,219108,3876870,35802,0,8,1,85,Estável
PRI-014,2025-11,209486,3925787,33137,0,14,0,36,Estável
PRI-014,2025-12,222562,4058362,32773,0,17,3,66,Estável
PRI-014,2026-01,208239,4065392,33388,0,18,4,55,Estável
PRI-014,2026-02,210939,4026801,32654,0,13,4,60,Estável
PRI-014,2026-03,219352,3921539,32280,0,16,4,62,Estável
PRI-014,2026-04,212977,4006362,38057,0,2,2,78,Estável
PRI-014,2026-05,222983,3849941,40215,0,9,2,62,Estável
PRI-014,2026-06,224153,4122636,36337,0,16,2,86,Estável
PRI-015,2025-07,153607,6228850,19190,1,14,1,84,Estável
PRI-015,2025-08,156740,6122220,18547,2,9,2,80,Estável
PRI-015,2025-09,167159,5950267,18867,0,14,1,83,Estável
PRI-015,2025-10,157176,6271603,20453,2,8,1,49,Estável
PRI-015,2025-11,162079,5932554,19832,1,15,0,80,Estável
PRI-015,2025-12,165882,6254588,20868,0,8,0,45,Estável
PRI-015,2026-01,164658,6145278,20643,1,14,1,93,Estável
PRI-015,2026-02,165367,5895908,19864,1,17,3,29,Estável
PRI-015,2026-03,170850,6064471,22462,2,9,4,56,Estável
PRI-015,2026-04,164831,6489599,21293,0,7,1,68,Estável
PRI-015,2026-05,176051,6052033,21612,0,12,4,67,Estável
PRI-015,2026-06,169328,6360408,22996,2,15,2,44,Estável
PRI-016,2025-07,49537,5394114,51370,0,4,2,80,Crescimento
PRI-016,2025-08,50718,5338833,55147,0,15,2,56,Crescimento
PRI-016,2025-09,50704,5386991,60834,0,18,2,37,Crescimento
PRI-016,2025-10,51275,5603445,57578,0,10,1,62,Crescimento
PRI-016,2025-11,50590,5566942,60572,0,13,2,59,Crescimento
PRI-016,2025-12,51011,5532022,62033,0,17,2,46,Crescimento
PRI-016,2026-01,53814,5504848,67785,0,18,2,69,Crescimento
PRI-016,2026-02,51944,5520010,67279,1,3,4,73,Crescimento
PRI-016,2026-03,52672,5405842,65638,0,8,2,71,Crescimento
PRI-016,2026-04,53305,5417228,62098,0,5,0,71,Crescimento
PRI-016,2026-05,58090,5076195,73207,0,4,0,65,Crescimento
PRI-016,2026-06,55033,5309894,75270,0,2,0,82,Crescimento
PRI-017,2025-07,205427,6961809,18387,1,15,4,63,Estável
PRI-017,2025-08,197274,7132364,19281,1,10,1,55,Estável
PRI-017,2025-09,201698,7300999,21010,1,7,1,43,Estável
PRI-017,2025-10,203602,7053740,20847,0,3,4,69,Estável
PRI-017,2025-11,201108,7092965,19447,1,4,1,73,Estável
PRI-017,2025-12,204322,7569190,18315,0,9,2,74,Estável
PRI-017,2026-01,204850,7106684,18287,0,14,4,58,Estável
PRI-017,2026-02,195701,7305511,19853,0,7,4,80,Estável
PRI-017,2026-03,208785,7764781,19681,0,14,4,82,Estável
PRI-017,2026-04,196263,7634434,18545,0,13,3,54,Estável
PRI-017,2026-05,194737,7337134,19068,1,3,2,60,Estável
PRI-017,2026-06,201290,7698224,19412,0,7,1,31,Estável
PRI-018,2025-07,118290,2435961,50225,0,2,4,49,Crescimento
PRI-018,2025-08,125043,2449711,48455,2,17,1,62,Crescimento
PRI-018,2025-09,122660,2379723,52404,1,2,2,72,Crescimento
PRI-018,2025-10,119709,2431991,45342,0,3,4,51,Crescimento
PRI-018,2025-11,117820,2420064,49766,0,13,1,73,Crescimento
PRI-018,2025-12,118120,2571901,50309,0,3,4,54,Crescimento
PRI-018,2026-01,126308,2447335,52711,2,13,3,42,Crescimento
PRI-018,2026-02,121891,2487843,51927,0,4,4,94,Crescimento
PRI-018,2026-03,124774,2564964,56147,1,4,4,69,Crescimento
PRI-018,2026-04,121555,2757185,60782,1,1,3,75,Crescimento
PRI-018,2026-05,124707,2794864,57692,0,14,0,67,Crescimento
PRI-018,2026-06,118953,2713575,55046,2,3,0,39,Crescimento
PRI-019,2025-07,149541,5436796,35097,2,6,1,50,Estável
PRI-019,2025-08,160010,5490875,35261,0,3,3,36,Estável
PRI-019,2025-09,157252,5831663,36527,0,15,0,57,Estável
PRI-019,2025-10,160766,5777103,38237,1,18,3,71,Estável
PRI-019,2025-11,154913,5557615,40287,0,6,4,73,Estável
PRI-019,2025-12,153173,5565125,36070,0,5,2,84,Estável
PRI-019,2026-01,152793,5688847,40214,0,4,3,90,Estável
PRI-019,2026-02,161538,5685257,38135,0,11,1,79,Estável
PRI-019,2026-03,160507,5950476,34795,0,11,0,72,Estável
PRI-019,2026-04,152299,5860850,39950,0,10,3,48,Estável
PRI-019,2026-05,154534,6166020,39326,0,16,3,65,Estável
PRI-019,2026-06,162488,5794271,34708,1,6,3,45,Estável
PRI-020,2025-07,48451,6948509,33677,2,14,1,66,Crescimento
PRI-020,2025-08,51014,7683374,31291,0,4,3,35,Crescimento
PRI-020,2025-09,52004,7232901,33127,2,18,4,65,Crescimento
PRI-020,2025-10,49288,7724005,37037,2,18,4,58,Crescimento
PRI-020,2025-11,52199,7381527,38159,1,11,3,52,Crescimento
PRI-020,2025-12,53439,7334868,34230,0,9,0,42,Crescimento
PRI-020,2026-01,53490,7724609,40507,0,5,4,51,Crescimento
PRI-020,2026-02,52642,8046902,40909,0,14,0,28,Crescimento
PRI-020,2026-03,54116,8168923,37482,1,8,0,63,Crescimento
PRI-020,2026-04,56161,7831589,36085,0,5,4,53,Crescimento
PRI-020,2026-05,55794,8077025,36785,0,10,3,60,Crescimento
PRI-020,2026-06,55338,8121332,43764,0,10,1,58,Crescimento
PRI-021,2025-07,157046,2762362,30273,0,4,3,64,Estável
PRI-021,2025-08,158823,2665076,34487,2,4,3,42,Estável
PRI-021,2025-09,159849,2709529,32745,2,18,4,79,Estável
PRI-021,2025-10,157550,2809363,32479,2,3,4,75,Estável
PRI-021,2025-11,160894,2846245,37545,1,6,4,41,Estável
PRI-021,2025-12,161434,2853252,37922,0,14,1,34,Estável
PRI-021,2026-01,163333,2833557,36646,0,9,0,63,Estável
PRI-021,2026-02,161522,2842047,36817,2,2,0,54,Estável
PRI-021,2026-03,170068,3006441,40134,2,14,4,50,Estável
PRI-021,2026-04,161816,2825096,39479,0,12,3,70,Estável
PRI-021,2026-05,164448,2965720,37726,0,15,3,46,Estável
PRI-021,2026-06,174854,3133834,39921,1,4,3,64,Estável
PRI-022,2025-07,164270,716359,43049,0,11,0,98,Crescimento
PRI-022,2025-08,164139,705997,41954,0,3,0,72,Crescimento
PRI-022,2025-09,170001,756793,48761,0,9,4,70,Crescimento
PRI-022,2025-10,171099,777726,49070,1,3,1,62,Crescimento
PRI-022,2025-11,167511,745614,41994,0,2,4,86,Crescimento
PRI-022,2025-12,165667,759030,44145,1,15,3,68,Crescimento
PRI-022,2026-01,166854,786542,43940,1,10,3,66,Crescimento
PRI-022,2026-02,166359,830059,42061,0,14,3,59,Crescimento
PRI-022,2026-03,178675,784995,41380,0,11,2,77,Crescimento
PRI-022,2026-04,172300,861453,40382,1,18,4,95,Crescimento
PRI-022,2026-05,176853,869427,41132,2,10,1,95,Crescimento
PRI-022,2026-06,184259,848694,41829,0,14,0,75,Crescimento
PRI-023,2025-07,67378,6656427,60148,1,8,2,28,Estável
PRI-023,2025-08,66690,6353063,62024,0,8,3,98,Estável
PRI-023,2025-09,71561,6489717,63878,2,18,4,65,Estável
PRI-023,2025-10,71208,6908182,55024,0,12,0,82,Estável
PRI-023,2025-11,70997,6508896,52685,0,16,0,77,Estável
PRI-023,2025-12,72572,7020601,52478,0,3,2,56,Estável
PRI-023,2026-01,71065,6674025,64904,0,16,3,96,Estável
PRI-023,2026-02,69870,6543489,56562,2,14,1,40,Estável
PRI-023,2026-03,74120,6677062,56254,0,10,3,77,Estável
PRI-023,2026-04,73635,7054450,65904,0,1,4,44,Estável
PRI-023,2026-05,74342,6840703,64925,0,9,3,46,Estável
PRI-023,2026-06,75748,6977500,62820,1,7,4,44,Estável
PRI-024,2025-07,162217,5133143,46563,1,12,0,70,Crescimento
PRI-024,2025-08,163875,4769626,46427,0,9,2,55,Crescimento
PRI-024,2025-09,158541,4942776,46121,0,8,1,64,Crescimento
PRI-024,2025-10,160053,5236785,43950,0,12,2,63,Crescimento
PRI-024,2025-11,169739,5287307,48147,0,14,0,37,Crescimento
PRI-024,2025-12,161705,5044844,47780,0,2,2,81,Crescimento
PRI-024,2026-01,171526,5287127,40259,0,9,0,45,Crescimento
PRI-024,2026-02,174329,5517283,41214,0,11,3,70,Crescimento
PRI-024,2026-03,176986,5597160,42745,0,4,0,98,Crescimento
PRI-024,2026-04,176702,5206197,43176,0,5,0,80,Crescimento
PRI-024,2026-05,177004,5644567,47437,1,4,2,71,Crescimento
PRI-024,2026-06,177672,5260784,46660,0,17,1,86,Crescimento
PRI-025,2025-07,69440,2419930,69734,2,16,3,85,Crescimento
PRI-025,2025-08,70967,2392549,64318,0,7,1,96,Crescimento
PRI-025,2025-09,68068,2439251,63256,1,11,2,52,Crescimento
PRI-025,2025-10,70095,2448969,71437,2,2,2,72,Crescimento
PRI-025,2025-11,70653,2481234,69115,1,3,2,54,Crescimento
PRI-025,2025-12,73338,2318187,77922,1,4,2,66,Crescimento
PRI-025,2026-01,73553,2470630,66089,1,12,0,59,Crescimento
PRI-025,2026-02,75291,2420279,66486,1,12,0,54,Crescimento
PRI-025,2026-03,73715,2449999,77806,1,2,1,47,Crescimento
PRI-025,2026-04,72496,2342697,71876,2,17,4,68,Crescimento
PRI-025,2026-05,76935,2295891,72846,1,13,2,47,Crescimento
PRI-025,2026-06,77359,2460754,85636,1,7,0,56,Crescimento
PRI-026,2025-07,184299,4408439,54488,2,5,4,53,Estável
PRI-026,2025-08,191945,4441748,51578,1,7,1,68,Estável
PRI-026,2025-09,182160,4282408,44961,0,18,1,71,Estável
PRI-026,2025-10,186336,4592475,44935,1,9,1,35,Estável
PRI-026,2025-11,186753,4447020,53403,0,5,4,79,Estável
PRI-026,2025-12,179584,4398276,53613,0,15,1,85,Estável
PRI-026,2026-01,185647,4793778,52719,0,4,2,66,Estável
PRI-026,2026-02,189547,4428879,46825,2,10,3,63,Estável
PRI-026,2026-03,192056,4663398,45810,0,17,0,74,Estável
PRI-026,2026-04,191876,4751353,54595,1,4,0,60,Estável
PRI-026,2026-05,192767,4754426,54924,1,16,4,63,Estável
PRI-026,2026-06,187703,4764091,45733,0,3,2,81,Estável
PRI-027,2025-07,120859,2584991,53224,0,14,2,66,Queda/Atenção
PRI-027,2025-08,116280,2631331,50101,0,14,1,64,Queda/Atenção
PRI-027,2025-09,117040,2500475,46480,0,16,2,86,Queda/Atenção
PRI-027,2025-10,118556,2579205,54463,1,16,2,65,Queda/Atenção
PRI-027,2025-11,121728,2658169,53781,0,13,2,74,Queda/Atenção
PRI-027,2025-12,113924,2724682,49266,0,10,3,80,Queda/Atenção
PRI-027,2026-01,113322,2558836,46508,0,11,3,66,Queda/Atenção
PRI-027,2026-02,114132,2652482,50051,1,6,4,87,Queda/Atenção
PRI-027,2026-03,119431,2658021,48454,0,5,0,65,Queda/Atenção
PRI-027,2026-04,113835,2751885,48078,0,11,3,79,Queda/Atenção
PRI-027,2026-05,115185,2815360,53791,0,17,1,67,Queda/Atenção
PRI-027,2026-06,114187,2714967,45052,0,14,4,69,Queda/Atenção
PRI-028,2025-07,164674,11359126,19416,0,5,3,59,Crescimento
PRI-028,2025-08,167922,11637834,19814,0,2,2,66,Crescimento
PRI-028,2025-09,176521,11645555,19814,2,8,0,72,Crescimento
PRI-028,2025-10,178775,12446317,19179,1,1,3,81,Crescimento
PRI-028,2025-11,174341,12270753,20670,2,11,1,70,Crescimento
PRI-028,2025-12,175348,11907281,18589,2,18,2,72,Crescimento
PRI-028,2026-01,176987,13053311,20015,1,14,0,73,Crescimento
PRI-028,2026-02,180535,12489792,20419,2,13,4,73,Crescimento
PRI-028,2026-03,185691,13177720,21459,2,14,3,65,Crescimento
PRI-028,2026-04,182656,12483976,22056,0,14,4,76,Crescimento
PRI-028,2026-05,183384,13822755,21687,1,12,0,72,Crescimento
PRI-028,2026-06,187389,13133659,19955,1,9,4,62,Crescimento
PRI-029,2025-07,153319,3249234,27285,0,14,4,69,Crescimento
PRI-029,2025-08,163268,3267794,25164,0,14,1,45,Crescimento
PRI-029,2025-09,165331,3260806,27973,2,17,1,39,Crescimento
PRI-029,2025-10,158818,3457008,26108,0,7,2,65,Crescimento
PRI-029,2025-11,159367,3334559,28599,0,5,0,78,Crescimento
PRI-029,2025-12,166017,3500417,30616,2,11,1,75,Crescimento
PRI-029,2026-01,176667,3418381,26641,1,18,1,68,Crescimento
PRI-029,2026-02,170255,3648999,29113,0,7,3,57,Crescimento
PRI-029,2026-03,179786,3628949,26237,1,4,2,75,Crescimento
PRI-029,2026-04,169743,3503026,25933,0,15,3,65,Crescimento
PRI-029,2026-05,179210,3732662,26375,0,15,1,80,Crescimento
PRI-029,2026-06,179737,3449823,30618,0,11,1,82,Crescimento
PRI-030,2025-07,127866,6045065,59668,0,18,4,56,Crescimento
PRI-030,2025-08,124902,6196012,60465,0,6,2,39,Crescimento
PRI-030,2025-09,130646,6482097,54104,0,5,1,28,Crescimento
PRI-030,2025-10,126605,6692436,61037,0,16,2,72,Crescimento
PRI-030,2025-11,132723,6893190,53936,1,13,4,84,Crescimento
PRI-030,2025-12,131326,6512701,59810,0,16,3,50,Crescimento
PRI-030,2026-01,128590,6991520,55824,0,17,3,56,Crescimento
PRI-030,2026-02,130687,6704704,57343,1,6,4,36,Crescimento
PRI-030,2026-03,136499,6618916,58250,0,18,0,24,Crescimento
PRI-030,2026-04,131372,6808082,59861,0,3,1,75,Crescimento
PRI-030,2026-05,131833,6767639,65567,0,8,0,74,Crescimento
PRI-030,2026-06,138800,6845752,61004,0,9,3,42,Crescimento
PRI-031,2025-07,42953,1378491,79582,0,17,4,84,Queda/Atenção
PRI-031,2025-08,46173,1406943,80405,1,14,2,61,Queda/Atenção
PRI-031,2025-09,43836,1418065,71103,0,5,1,71,Queda/Atenção
PRI-031,2025-10,45262,1391750,79084,0,5,1,64,Queda/Atenção
PRI-031,2025-11,44812,1405890,78670,0,13,2,75,Queda/Atenção
PRI-031,2025-12,44483,1400208,72311,0,8,2,35,Queda/Atenção
PRI-031,2026-01,46345,1288613,85553,0,10,1,88,Queda/Atenção
PRI-031,2026-02,43551,1395121,81162,0,15,2,34,Queda/Atenção
PRI-031,2026-03,45670,1298036,72317,0,10,4,77,Queda/Atenção
PRI-031,2026-04,44008,1351223,76452,0,18,3,69,Queda/Atenção
PRI-031,2026-05,47087,1309694,78838,1,13,4,84,Queda/Atenção
PRI-031,2026-06,44062,1271473,86786,0,9,1,70,Queda/Atenção
PRI-032,2025-07,42893,9720137,28776,2,4,3,75,Estável
PRI-032,2025-08,44954,10171272,34590,0,4,0,55,Estável
PRI-032,2025-09,43097,10018786,31544,2,13,4,83,Estável
PRI-032,2025-10,43255,9606013,32323,1,2,2,82,Estável
PRI-032,2025-11,42828,9898270,31108,1,4,2,70,Estável
PRI-032,2025-12,45114,9826607,33537,0,18,2,50,Estável
PRI-032,2026-01,41781,10153635,37281,0,13,4,58,Estável
PRI-032,2026-02,43075,9665650,36055,1,10,0,47,Estável
PRI-032,2026-03,44359,9649561,39697,0,9,3,65,Estável
PRI-032,2026-04,42161,10215611,36192,1,5,2,69,Estável
PRI-032,2026-05,42719,9715490,37606,1,8,4,98,Estável
PRI-032,2026-06,44320,10066148,41541,0,4,1,90,Estável
PRI-033,2025-07,201602,1074792,47509,0,1,4,54,Crescimento
PRI-033,2025-08,201844,1078202,50372,0,17,0,87,Crescimento
PRI-033,2025-09,201447,1087673,55079,0,1,4,98,Crescimento
PRI-033,2025-10,207252,1139801,48092,0,14,1,56,Crescimento
PRI-033,2025-11,196589,1102136,50523,0,11,1,52,Crescimento
PRI-033,2025-12,209275,1121421,50429,0,15,2,48,Crescimento
PRI-033,2026-01,203225,1142802,58629,0,10,4,81,Crescimento
PRI-033,2026-02,203137,1108375,57997,0,12,1,55,Crescimento
PRI-033,2026-03,219686,1194244,56163,0,11,3,43,Crescimento
PRI-033,2026-04,219830,1218867,56431,0,1,2,74,Crescimento
PRI-033,2026-05,213001,1194044,61044,0,3,3,79,Crescimento
PRI-033,2026-06,226894,1151563,54919,0,2,3,48,Crescimento
PRI-034,2025-07,112539,5976690,69726,0,6,2,43,Queda/Atenção
PRI-034,2025-08,113806,6058125,65271,0,8,3,73,Queda/Atenção
PRI-034,2025-09,112955,5947432,61507,0,2,4,38,Queda/Atenção
PRI-034,2025-10,112382,5972019,69702,2,11,1,26,Queda/Atenção
PRI-034,2025-11,109390,6076451,69513,1,14,4,72,Queda/Atenção
PRI-034,2025-12,112274,5968302,78171,2,10,1,53,Queda/Atenção
PRI-034,2026-01,112246,6153107,73880,0,9,3,66,Queda/Atenção
PRI-034,2026-02,110665,5902432,80129,0,11,4,61,Queda/Atenção
PRI-034,2026-03,108311,6344544,73178,2,9,3,70,Queda/Atenção
PRI-034,2026-04,115593,5992904,79967,0,2,4,52,Queda/Atenção
PRI-034,2026-05,112765,5779799,74459,1,5,0,75,Queda/Atenção
PRI-034,2026-06,108948,6232985,71214,0,6,4,75,Queda/Atenção
PRI-035,2025-07,173522,3053985,34375,0,13,0,69,Crescimento
PRI-035,2025-08,170982,3036771,39217,2,10,3,63,Crescimento
PRI-035,2025-09,170748,2871090,35939,1,10,1,88,Crescimento
PRI-035,2025-10,174043,2907891,33460,0,16,0,86,Crescimento
PRI-035,2025-11,180564,3065729,38302,1,13,3,47,Crescimento
PRI-035,2025-12,185176,2960675,39415,1,2,0,55,Crescimento
PRI-035,2026-01,183820,3003278,38474,1,18,1,20,Crescimento
PRI-035,2026-02,182334,2945248,33867,1,1,0,58,Crescimento
PRI-035,2026-03,180607,3003379,35078,1,15,2,65,Crescimento
PRI-035,2026-04,192341,2962372,37949,0,2,3,54,Crescimento
PRI-035,2026-05,181949,2732152,40285,0,17,2,63,Crescimento
PRI-035,2026-06,193755,2823450,39298,2,14,1,45,Crescimento
PRI-036,2025-07,122566,13792219,59305,0,6,1,70,Estável
PRI-036,2025-08,129299,13473067,62545,0,8,1,72,Estável
PRI-036,2025-09,127345,13236007,51977,1,1,4,54,Estável
PRI-036,2025-10,123910,13136614,61677,0,10,1,65,Estável
PRI-036,2025-11,125390,13751571,58975,1,10,0,57,Estável
PRI-036,2025-12,129500,14179207,62852,0,12,3,60,Estável
PRI-036,2026-01,131243,13511808,58945,1,18,3,74,Estável
PRI-036,2026-02,134846,13997918,54797,1,16,2,87,Estável
PRI-036,2026-03,128495,13308271,62671,0,10,1,98,Estável
PRI-036,2026-04,135951,13430729,58307,0,4,2,61,Estável
PRI-036,2026-05,140429,13770744,58451,1,12,1,73,Estável
PRI-036,2026-06,134118,13805359,66478,0,3,2,41,Estável
PRI-037,2025-07,103567,6472013,75429,0,11,3,60,Estável
PRI-037,2025-08,103536,6817309,67884,0,1,3,60,Estável
PRI-037,2025-09,105794,6744412,74468,1,3,4,74,Estável
PRI-037,2025-10,110053,6844384,77884,0,4,4,82,Estável
PRI-037,2025-11,108970,6634434,79689,0,1,4,59,Estável
PRI-037,2025-12,103217,6812633,76205,0,8,4,48,Estável
PRI-037,2026-01,110402,6843832,77641,0,4,0,60,Estável
PRI-037,2026-02,105903,6674775,71648,0,6,2,31,Estável
PRI-037,2026-03,107983,6704827,69426,0,16,4,95,Estável
PRI-037,2026-04,106022,6869489,75921,0,7,2,75,Estável
PRI-037,2026-05,115169,6775002,72268,1,7,2,62,Estável
PRI-037,2026-06,112307,7403357,72718,0,1,0,94,Estável
PRI-038,2025-07,115308,11718621,68188,2,6,2,44,Queda/Atenção
PRI-038,2025-08,115211,11118180,60881,2,4,2,52,Queda/Atenção
PRI-038,2025-09,122627,12123811,58655,0,12,0,74,Queda/Atenção
PRI-038,2025-10,121019,12069323,67349,2,8,3,51,Queda/Atenção
PRI-038,2025-11,123844,11095616,59881,1,7,2,60,Queda/Atenção
PRI-038,2025-12,116556,10845282,67329,1,6,2,41,Queda/Atenção
PRI-038,2026-01,118049,11065145,59017,1,10,4,54,Queda/Atenção
PRI-038,2026-02,121728,11701670,61150,1,15,4,98,Queda/Atenção
PRI-038,2026-03,122515,10994613,62148,1,4,1,10,Queda/Atenção
PRI-038,2026-04,121201,10804488,70427,0,17,4,65,Queda/Atenção
PRI-038,2026-05,116282,10920083,63801,0,7,0,45,Queda/Atenção
PRI-038,2026-06,116604,11113531,70161,0,14,4,44,Queda/Atenção
PRI-039,2025-07,78004,991338,30340,1,9,0,57,Crescimento
PRI-039,2025-08,81489,991669,30334,1,8,3,71,Crescimento
PRI-039,2025-09,78834,933225,29910,0,1,3,82,Crescimento
PRI-039,2025-10,82598,946093,31723,0,5,3,55,Crescimento
PRI-039,2025-11,84782,932157,28163,2,1,3,86,Crescimento
PRI-039,2025-12,81979,997006,34223,1,12,0,65,Crescimento
PRI-039,2026-01,85027,1002399,32153,1,15,0,85,Crescimento
PRI-039,2026-02,88882,936921,32072,1,15,2,70,Crescimento
PRI-039,2026-03,86682,966476,35543,0,2,4,43,Crescimento
PRI-039,2026-04,88880,948710,31965,0,18,0,55,Crescimento
PRI-039,2026-05,88563,992822,30532,0,5,4,69,Crescimento
PRI-039,2026-06,90469,939077,32313,2,6,2,60,Crescimento
PRI-040,2025-07,210145,983230,12312,0,13,0,79,Crescimento
PRI-040,2025-08,205786,954473,10317,0,1,4,40,Crescimento
PRI-040,2025-09,208045,975231,10583,0,4,1,84,Crescimento
PRI-040,2025-10,217544,1008304,12403,1,14,3,92,Crescimento
PRI-040,2025-11,220985,1025619,10997,0,11,1,83,Crescimento
PRI-040,2025-12,217054,1071661,11063,0,3,3,76,Crescimento
PRI-040,2026-01,212974,1004234,13103,1,9,2,77,Crescimento
PRI-040,2026-02,211481,1036982,10790,0,17,1,49,Crescimento
PRI-040,2026-03,208434,1115747,12471,0,13,2,54,Crescimento
PRI-040,2026-04,215000,1082815,11032,0,11,0,79,Crescimento
PRI-040,2026-05,210951,1140795,11074,0,8,2,83,Crescimento
PRI-040,2026-06,223083,1144069,13181,0,8,2,66,Crescimento
PRI-041,2025-07,215656,2372141,55934,2,8,3,98,Queda/Atenção
PRI-041,2025-08,226995,2441298,60429,1,3,4,54,Queda/Atenção
PRI-041,2025-09,215085,2490553,68915,0,6,3,37,Queda/Atenção
PRI-041,2025-10,229116,2433625,67247,1,11,2,64,Queda/Atenção
PRI-041,2025-11,224718,2345799,60975,1,7,3,73,Queda/Atenção
PRI-041,2025-12,212947,2579409,61537,1,5,1,39,Queda/Atenção
PRI-041,2026-01,225751,2473808,59017,2,3,4,76,Queda/Atenção
PRI-041,2026-02,209870,2357714,68440,2,5,3,98,Queda/Atenção
PRI-041,2026-03,220861,2498225,74269,0,16,1,75,Queda/Atenção
PRI-041,2026-04,210518,2362979,62153,1,3,1,76,Queda/Atenção
PRI-041,2026-05,212547,2493410,65319,2,12,1,93,Queda/Atenção
PRI-041,2026-06,208601,2527330,64286,1,16,0,60,Queda/Atenção
PRI-042,2025-07,74623,4146991,54945,2,7,3,94,Crescimento
PRI-042,2025-08,79078,4424671,49508,2,12,1,87,Crescimento
PRI-042,2025-09,75443,4344809,46720,1,9,4,44,Crescimento
PRI-042,2025-10,76871,4454765,54850,2,9,2,84,Crescimento
PRI-042,2025-11,81572,4457779,58782,1,9,0,72,Crescimento
PRI-042,2025-12,83691,4325463,49425,2,3,1,60,Crescimento
PRI-042,2026-01,84614,4471347,61882,2,1,4,47,Crescimento
PRI-042,2026-02,80792,4621927,60617,1,8,0,77,Crescimento
PRI-042,2026-03,81742,4403389,59159,1,5,1,75,Crescimento
PRI-042,2026-04,87317,4699535,61181,1,12,4,31,Crescimento
PRI-042,2026-05,86373,4710448,58868,1,2,2,61,Crescimento
PRI-042,2026-06,88868,4373315,57603,0,18,2,92,Crescimento
PRI-043,2025-07,134597,4386311,58578,0,17,0,41,Crescimento
PRI-043,2025-08,138279,4617569,57694,0,17,4,82,Crescimento
PRI-043,2025-09,135456,4331433,64214,0,2,2,92,Crescimento
PRI-043,2025-10,140792,4368835,54811,0,3,0,40,Crescimento
PRI-043,2025-11,145834,4282854,59894,0,5,3,96,Crescimento
PRI-043,2025-12,142749,4570232,64874,1,15,1,66,Crescimento
PRI-043,2026-01,140468,4380478,68799,1,6,2,59,Crescimento
PRI-043,2026-02,140741,4703190,69784,0,17,1,64,Crescimento
PRI-043,2026-03,147420,4810185,69882,1,5,2,66,Crescimento
PRI-043,2026-04,144026,4441851,65098,0,13,3,88,Crescimento
PRI-043,2026-05,146523,4616369,65385,0,9,2,58,Crescimento
PRI-043,2026-06,156520,4787001,65339,0,4,0,86,Crescimento
PRI-044,2025-07,123727,1602422,73691,1,15,3,33,Crescimento
PRI-044,2025-08,121535,1642123,69813,1,11,0,59,Crescimento
PRI-044,2025-09,119612,1697875,77735,0,13,0,70,Crescimento
PRI-044,2025-10,119674,1675435,69033,2,7,3,54,Crescimento
PRI-044,2025-11,121833,1762577,74526,1,2,4,69,Crescimento
PRI-044,2025-12,126629,1846467,73043,1,4,2,76,Crescimento
PRI-044,2026-01,130880,1774150,72377,0,4,2,57,Crescimento
PRI-044,2026-02,130639,1826447,69692,1,17,3,45,Crescimento
PRI-044,2026-03,134280,1819989,67529,1,15,2,82,Crescimento
PRI-044,2026-04,129744,1819435,65657,2,18,3,57,Crescimento
PRI-044,2026-05,133185,1926798,68972,1,17,1,87,Crescimento
PRI-044,2026-06,131863,1774889,67292,2,15,2,35,Crescimento
PRI-045,2025-07,101677,1243909,78409,2,1,0,66,Crescimento
PRI-045,2025-08,105162,1237848,81289,0,17,2,59,Crescimento
PRI-045,2025-09,106422,1211301,76851,0,18,4,32,Crescimento
PRI-045,2025-10,111251,1249339,73793,1,10,0,58,Crescimento
PRI-045,2025-11,112382,1206669,85918,1,6,0,44,Crescimento
PRI-045,2025-12,111541,1242894,78311,2,11,4,61,Crescimento
PRI-045,2026-01,112774,1313125,85077,1,11,4,65,Crescimento
PRI-045,2026-02,115753,1286329,90655,0,1,0,60,Crescimento
PRI-045,2026-03,115712,1238879,78858,2,13,4,83,Crescimento
PRI-045,2026-04,112229,1291053,82369,1,15,1,70,Crescimento
PRI-045,2026-05,115497,1277464,78936,0,12,4,78,Crescimento
PRI-045,2026-06,112133,1298579,80385,0,5,0,74,Crescimento
PRI-046,2025-07,36261,4565304,74156,1,11,2,71,Crescimento
PRI-046,2025-08,34943,4618165,77638,0,12,2,51,Crescimento
PRI-046,2025-09,36982,4599171,78230,0,5,4,90,Crescimento
PRI-046,2025-10,36495,4936719,84399,0,4,4,50,Crescimento
PRI-046,2025-11,38512,4810626,75375,0,2,0,53,Crescimento
PRI-046,2025-12,36617,4749299,77887,0,18,3,87,Crescimento
PRI-046,2026-01,39030,4986537,83642,0,6,1,85,Crescimento
PRI-046,2026-02,38591,4723694,74552,0,14,4,51,Crescimento
PRI-046,2026-03,39907,4880079,82772,0,5,0,66,Crescimento
PRI-046,2026-04,41140,4790936,85414,0,12,4,49,Crescimento
PRI-046,2026-05,40532,5213895,75751,0,2,0,44,Crescimento
PRI-046,2026-06,40289,5227189,79655,1,1,3,40,Crescimento
PRI-047,2025-07,170707,5138501,50713,0,10,3,73,Crescimento
PRI-047,2025-08,167984,4935686,56530,1,7,0,79,Crescimento
PRI-047,2025-09,171398,5178781,60676,2,8,4,56,Crescimento
PRI-047,2025-10,178752,4804897,61160,0,3,0,72,Crescimento
PRI-047,2025-11,177716,5076933,63709,1,5,3,39,Crescimento
PRI-047,2025-12,177073,5171331,52873,0,14,0,72,Crescimento
PRI-047,2026-01,187070,4903997,59935,0,8,2,58,Crescimento
PRI-047,2026-02,185510,5169830,60786,1,5,0,65,Crescimento
PRI-047,2026-03,180148,5336767,54650,0,2,0,73,Crescimento
PRI-047,2026-04,193692,5061899,66198,1,3,0,78,Crescimento
PRI-047,2026-05,195002,5198102,61900,1,14,4,79,Crescimento
PRI-047,2026-06,188104,5031034,66521,1,9,0,66,Crescimento
PRI-048,2025-07,105789,612419,58520,2,1,4,69,Crescimento
PRI-048,2025-08,106618,600475,61462,1,3,1,98,Crescimento
PRI-048,2025-09,109964,601421,64145,0,3,4,59,Crescimento
PRI-048,2025-10,115747,581928,67151,0,18,3,50,Crescimento
PRI-048,2025-11,111867,622517,60640,0,12,2,42,Crescimento
PRI-048,2025-12,120707,616948,55387,1,15,4,98,Crescimento
PRI-048,2026-01,116309,637494,67081,1,13,4,48,Crescimento
PRI-048,2026-02,115798,628595,64697,1,7,4,58,Crescimento
PRI-048,2026-03,121006,616308,58350,0,7,4,48,Crescimento
PRI-048,2026-04,123101,614753,58637,2,6,4,65,Crescimento
PRI-048,2026-05,126234,620966,63655,0,7,1,64,Crescimento
PRI-048,2026-06,121190,648706,65065,0,4,1,74,Crescimento
PRI-049,2025-07,91212,15330130,39904,1,14,4,92,Estável
PRI-049,2025-08,91572,16253328,40772,0,17,1,34,Estável
PRI-049,2025-09,90534,16388534,46226,0,10,2,74,Estável
PRI-049,2025-10,89674,15910674,42225,0,10,4,87,Estável
PRI-049,2025-11,89980,16485790,48527,0,12,3,65,Estável
PRI-049,2025-12,89664,15610248,43928,0,15,1,66,Estável
PRI-049,2026-01,96845,17119858,40588,1,12,0,59,Estável
PRI-049,2026-02,96227,16062929,44687,2,14,3,85,Estável
PRI-049,2026-03,92897,17187083,50676,1,14,4,63,Estável
PRI-049,2026-04,93189,16798581,46983,1,4,4,83,Estável
PRI-049,2026-05,98390,17265191,43537,0,7,4,67,Estável
PRI-049,2026-06,94854,17124132,43506,1,8,4,34,Estável
PRI-050,2025-07,111282,752521,39486,0,7,2,57,Crescimento
PRI-050,2025-08,115190,757449,43327,0,8,3,55,Crescimento
PRI-050,2025-09,115034,798491,47048,0,2,1,94,Crescimento
PRI-050,2025-10,110617,773442,46679,0,3,2,69,Crescimento
PRI-050,2025-11,111459,817412,40356,0,14,1,46,Crescimento
PRI-050,2025-12,114734,809391,46124,1,12,4,68,Crescimento
PRI-050,2026-01,113074,814336,44764,2,4,2,59,Crescimento
PRI-050,2026-02,114657,822402,45920,2,12,4,64,Crescimento
PRI-050,2026-03,114703,873443,43935,1,7,2,55,Crescimento
PRI-050,2026-04,117210,872091,45403,0,11,2,96,Crescimento
PRI-050,2026-05,114754,896334,45734,1,16,3,76,Crescimento
PRI-050,2026-06,119963,929156,42727,1,11,3,73,Crescimento
PRM-001,2025-07,26950,354578,17702,1,14,1,41,Crescimento
PRM-001,2025-08,27166,383064,17824,1,16,3,98,Crescimento
PRM-001,2025-09,28051,374968,18063,0,9,3,79,Crescimento
PRM-001,2025-10,27433,409391,15981,0,15,0,95,Crescimento
PRM-001,2025-11,29225,415591,19618,1,4,4,89,Crescimento
PRM-001,2025-12,28578,429728,19911,0,3,1,58,Crescimento
PRM-001,2026-01,29538,447784,20725,1,13,1,61,Crescimento
PRM-001,2026-02,30352,444483,19035,1,1,3,68,Crescimento
PRM-001,2026-03,30200,449401,18679,2,7,0,71,Crescimento
PRM-001,2026-04,32261,504167,20866,0,5,1,33,Crescimento
PRM-001,2026-05,32086,488464,20252,1,6,2,32,Crescimento
PRM-001,2026-06,33029,508244,18646,0,7,4,65,Crescimento
PRM-002,2025-07,39145,549127,7283,0,8,3,86,Crescimento
PRM-002,2025-08,39402,583362,6523,0,15,3,44,Crescimento
PRM-002,2025-09,37966,595797,7163,1,12,0,61,Crescimento
PRM-002,2025-10,41763,600559,6817,1,3,4,56,Crescimento
PRM-002,2025-11,40268,649424,7851,1,11,1,62,Crescimento
PRM-002,2025-12,42408,658578,6615,2,18,1,50,Crescimento
PRM-002,2026-01,43274,651973,7338,0,9,1,75,Crescimento
PRM-002,2026-02,41860,679287,7900,2,16,4,59,Crescimento
PRM-002,2026-03,45135,727253,7125,1,5,0,41,Crescimento
PRM-002,2026-04,43508,715550,7127,0,9,2,69,Crescimento
PRM-002,2026-05,46747,702340,7524,0,1,4,80,Crescimento
PRM-002,2026-06,47947,744597,8653,2,11,2,67,Crescimento
PRM-003,2025-07,30309,678589,27196,2,5,0,76,Crescimento
PRM-003,2025-08,30591,698139,27619,0,16,0,41,Crescimento
PRM-003,2025-09,31243,741141,32632,0,17,0,53,Crescimento
PRM-003,2025-10,29595,753399,29269,0,18,1,52,Crescimento
PRM-003,2025-11,31577,760553,30538,1,7,2,56,Crescimento
PRM-003,2025-12,31290,834147,31190,0,17,3,55,Crescimento
PRM-003,2026-01,32343,793324,32005,0,5,1,98,Crescimento
PRM-003,2026-02,33079,811653,36129,1,14,0,78,Crescimento
PRM-003,2026-03,31774,837576,38093,0,16,4,75,Crescimento
PRM-003,2026-04,31768,878409,39438,1,12,3,57,Crescimento
PRM-003,2026-05,33732,879385,37188,1,14,2,65,Crescimento
PRM-003,2026-06,33429,946739,42960,0,2,2,89,Crescimento
PRM-004,2025-07,14296,447377,27384,0,16,4,72,Crescimento
PRM-004,2025-08,14506,426896,30894,0,11,3,72,Crescimento
PRM-004,2025-09,15809,444286,32290,0,9,3,45,Crescimento
PRM-004,2025-10,16125,425541,31446,1,9,0,50,Crescimento
PRM-004,2025-11,16685,463428,31681,0,5,3,65,Crescimento
PRM-004,2025-12,16419,442567,34089,1,12,3,90,Crescimento
PRM-004,2026-01,16894,465011,31553,0,1,3,83,Crescimento
PRM-004,2026-02,16529,449048,31205,0,3,0,67,Crescimento
PRM-004,2026-03,17070,469494,33361,0,18,0,54,Crescimento
PRM-004,2026-04,17375,448087,33044,1,10,2,72,Crescimento
PRM-004,2026-05,18498,443313,38842,0,18,3,67,Crescimento
PRM-004,2026-06,17983,468914,42095,0,6,3,67,Crescimento
PRM-005,2025-07,24178,238599,25442,1,15,2,47,Crescimento
PRM-005,2025-08,25529,250830,27055,0,2,1,68,Crescimento
PRM-005,2025-09,26371,251844,23737,1,11,4,62,Crescimento
PRM-005,2025-10,26382,244120,27708,0,9,1,74,Crescimento
PRM-005,2025-11,26764,246815,26110,1,11,1,25,Crescimento
PRM-005,2025-12,28849,262892,27309,1,17,2,64,Crescimento
PRM-005,2026-01,29439,268292,25505,1,3,4,52,Crescimento
PRM-005,2026-02,28603,280540,23502,0,15,3,67,Crescimento
PRM-005,2026-03,28642,268842,27487,2,1,0,60,Crescimento
PRM-005,2026-04,31394,279398,26565,2,4,4,48,Crescimento
PRM-005,2026-05,30419,294078,27715,2,18,1,90,Crescimento
PRM-005,2026-06,32484,288910,27394,1,5,4,82,Crescimento
PRM-006,2025-07,57346,263388,7282,0,10,2,53,Crescimento
PRM-006,2025-08,56026,269039,7521,0,4,2,76,Crescimento
PRM-006,2025-09,57973,264873,8111,0,18,2,50,Crescimento
PRM-006,2025-10,55702,272417,7715,0,7,4,82,Crescimento
PRM-006,2025-11,56113,279667,8656,1,18,0,42,Crescimento
PRM-006,2025-12,58702,275028,7173,1,10,1,80,Crescimento
PRM-006,2026-01,58367,287425,7481,1,16,0,77,Crescimento
PRM-006,2026-02,59884,290051,7429,0,7,2,57,Crescimento
PRM-006,2026-03,62244,293433,8474,0,15,2,76,Crescimento
PRM-006,2026-04,59353,320139,8752,0,18,3,74,Crescimento
PRM-006,2026-05,59823,314609,8558,0,8,3,98,Crescimento
PRM-006,2026-06,64645,330596,8955,1,1,4,60,Crescimento
PRM-007,2025-07,26960,120738,30197,0,12,3,65,Crescimento
PRM-007,2025-08,27198,123543,27809,0,5,1,82,Crescimento
PRM-007,2025-09,27880,129251,27780,0,6,4,51,Crescimento
PRM-007,2025-10,27005,127993,31811,0,3,0,60,Crescimento
PRM-007,2025-11,27596,127217,31993,0,5,4,77,Crescimento
PRM-007,2025-12,26428,134029,28305,0,11,0,75,Crescimento
PRM-007,2026-01,26651,147302,29751,1,18,1,71,Crescimento
PRM-007,2026-02,27238,140057,31280,0,14,1,48,Crescimento
PRM-007,2026-03,27084,148869,31310,0,6,2,66,Crescimento
PRM-007,2026-04,28326,154090,34364,0,10,4,69,Crescimento
PRM-007,2026-05,28893,158296,33594,0,11,4,90,Crescimento
PRM-007,2026-06,27819,166374,33120,0,11,1,64,Crescimento
PRM-008,2025-07,21079,564536,34744,1,9,1,50,Crescimento
PRM-008,2025-08,21258,588336,41352,0,2,1,48,Crescimento
PRM-008,2025-09,22232,574459,41535,0,12,4,28,Crescimento
PRM-008,2025-10,22532,617347,40631,0,2,0,62,Crescimento
PRM-008,2025-11,22771,618669,37697,0,18,1,62,Crescimento
PRM-008,2025-12,23349,621029,40665,0,14,1,72,Crescimento
PRM-008,2026-01,24789,623930,36416,1,12,3,89,Crescimento
PRM-008,2026-02,25170,639390,42586,1,8,2,72,Crescimento
PRM-008,2026-03,25119,645292,36654,0,16,3,98,Crescimento
PRM-008,2026-04,25589,668477,42934,1,6,0,57,Crescimento
PRM-008,2026-05,26517,693547,36853,0,4,1,68,Crescimento
PRM-008,2026-06,27132,679540,39719,2,11,3,74,Crescimento
PRM-009,2025-07,37355,589370,12496,0,3,1,50,Crescimento
PRM-009,2025-08,39691,622851,12594,2,16,2,69,Crescimento
PRM-009,2025-09,39711,615208,14564,0,18,1,46,Crescimento
PRM-009,2025-10,39979,637207,13383,0,17,3,57,Crescimento
PRM-009,2025-11,41520,654515,14093,1,12,4,88,Crescimento
PRM-009,2025-12,43455,628246,15689,0,5,1,58,Crescimento
PRM-009,2026-01,43891,642280,15238,2,13,2,83,Crescimento
PRM-009,2026-02,44114,644275,14046,0,9,1,63,Crescimento
PRM-009,2026-03,46090,693350,16799,1,9,0,74,Crescimento
PRM-009,2026-04,45153,705807,15309,1,3,3,56,Crescimento
PRM-009,2026-05,47582,729410,16114,2,1,2,72,Crescimento
PRM-009,2026-06,50143,720221,17312,1,14,2,64,Crescimento
PRM-010,2025-07,65766,656150,15876,0,14,4,77,Crescimento
PRM-010,2025-08,65620,653755,17432,1,11,1,83,Crescimento
PRM-010,2025-09,65281,686351,17695,2,15,1,59,Crescimento
PRM-010,2025-10,65901,698880,19047,1,7,2,58,Crescimento
PRM-010,2025-11,69434,682001,18235,0,4,1,67,Crescimento
PRM-010,2025-12,69897,691949,16686,0,14,1,53,Crescimento
PRM-010,2026-01,70502,697712,16740,0,6,2,70,Crescimento
PRM-010,2026-02,70986,705997,19118,0,14,2,98,Crescimento
PRM-010,2026-03,68098,696680,19624,0,17,3,82,Crescimento
PRM-010,2026-04,72599,698445,20267,1,14,4,35,Crescimento
PRM-010,2026-05,72955,717149,16767,1,7,3,51,Crescimento
PRM-010,2026-06,69687,695207,20548,1,13,3,59,Crescimento
PRM-011,2025-07,19394,115093,29307,0,7,2,69,Crescimento
PRM-011,2025-08,19391,121136,25631,0,10,0,78,Crescimento
PRM-011,2025-09,20114,122653,29037,0,4,1,92,Crescimento
PRM-011,2025-10,20455,127774,31484,0,1,4,81,Crescimento
PRM-011,2025-11,20586,126893,32168,0,8,0,40,Crescimento
PRM-011,2025-12,22439,129534,30967,0,2,0,98,Crescimento
PRM-011,2026-01,22424,122643,30626,0,7,1,69,Crescimento
PRM-011,2026-02,23473,123094,35019,0,9,3,51,Crescimento
PRM-011,2026-03,23022,123595,32462,0,12,2,73,Crescimento
PRM-011,2026-04,24242,130224,35913,0,10,2,65,Crescimento
PRM-011,2026-05,23695,134432,36158,0,1,2,48,Crescimento
PRM-011,2026-06,23639,135783,37288,0,1,4,50,Crescimento
PRM-012,2025-07,69961,516480,22144,1,3,3,84,Crescimento
PRM-012,2025-08,67322,507590,25011,0,18,1,68,Crescimento
PRM-012,2025-09,69897,539583,22224,0,9,2,96,Crescimento
PRM-012,2025-10,69340,506294,25428,0,10,0,53,Crescimento
PRM-012,2025-11,70228,550425,26460,2,7,3,91,Crescimento
PRM-012,2025-12,72482,556932,23053,0,12,2,87,Crescimento
PRM-012,2026-01,71380,548111,26176,1,7,0,60,Crescimento
PRM-012,2026-02,72633,542223,25690,0,3,0,98,Crescimento
PRM-012,2026-03,74999,536204,24020,0,10,3,60,Crescimento
PRM-012,2026-04,72666,585275,27359,1,16,1,61,Crescimento
PRM-012,2026-05,74357,568597,25202,0,13,3,59,Crescimento
PRM-012,2026-06,74405,574653,29964,0,13,0,78,Crescimento
PRM-013,2025-07,56672,148704,22391,0,2,3,71,Crescimento
PRM-013,2025-08,61051,157084,23652,0,16,1,64,Crescimento
PRM-013,2025-09,60168,162617,24807,0,15,4,62,Crescimento
PRM-013,2025-10,59645,164566,22960,1,2,2,73,Crescimento
PRM-013,2025-11,59935,174584,25161,0,6,1,67,Crescimento
PRM-013,2025-12,63311,182943,26502,1,3,4,75,Crescimento
PRM-013,2026-01,65401,180882,25308,1,11,0,57,Crescimento
PRM-013,2026-02,64770,179614,26077,1,5,4,53,Crescimento
PRM-013,2026-03,62137,181553,25517,0,16,2,48,Crescimento
PRM-013,2026-04,64950,196699,26936,0,3,4,59,Crescimento
PRM-013,2026-05,65761,186241,30810,0,1,4,63,Crescimento
PRM-013,2026-06,64199,194728,28378,0,18,0,50,Crescimento
PRM-014,2025-07,45104,625040,22665,0,4,3,69,Crescimento
PRM-014,2025-08,45890,630004,24540,0,16,4,51,Crescimento
PRM-014,2025-09,44130,656749,22822,1,15,4,68,Crescimento
PRM-014,2025-10,45078,700488,23642,2,2,0,66,Crescimento
PRM-014,2025-11,45126,732092,22416,0,13,2,82,Crescimento
PRM-014,2025-12,47028,720578,26173,1,4,2,43,Crescimento
PRM-014,2026-01,46772,712081,25556,0,16,0,62,Crescimento
PRM-014,2026-02,47902,768225,27327,0,5,0,55,Crescimento
PRM-014,2026-03,47639,771630,29921,2,14,4,19,Crescimento
PRM-014,2026-04,45932,789184,27994,0,3,2,53,Crescimento
PRM-014,2026-05,49239,817528,30901,0,16,2,78,Crescimento
PRM-014,2026-06,47880,840238,27965,0,2,2,76,Crescimento
PRM-015,2025-07,47532,267904,24317,0,2,3,43,Crescimento
PRM-015,2025-08,47556,258842,26631,0,17,1,93,Crescimento
PRM-015,2025-09,51473,258214,26382,0,2,1,56,Crescimento
PRM-015,2025-10,49054,272550,28682,0,18,1,70,Crescimento
PRM-015,2025-11,50836,279280,25344,1,17,3,72,Crescimento
PRM-015,2025-12,53377,290892,25237,0,6,0,62,Crescimento
PRM-015,2026-01,52596,303398,29197,0,13,3,47,Crescimento
PRM-015,2026-02,52816,296387,28208,0,17,0,61,Crescimento
PRM-015,2026-03,55064,319069,29810,0,1,1,44,Crescimento
PRM-015,2026-04,54925,302526,29175,0,3,2,40,Crescimento
PRM-015,2026-05,59631,327863,30256,0,2,4,51,Crescimento
PRM-015,2026-06,57195,330039,31570,0,4,2,29,Crescimento
PRM-016,2025-07,68768,285108,8837,1,3,4,59,Crescimento
PRM-016,2025-08,65328,302263,10597,1,2,0,57,Crescimento
PRM-016,2025-09,68924,299815,9147,0,12,0,63,Crescimento
PRM-016,2025-10,69301,311004,11097,1,12,4,51,Crescimento
PRM-016,2025-11,68768,337659,9711,2,11,3,82,Crescimento
PRM-016,2025-12,69383,343393,10471,1,1,3,77,Crescimento
PRM-016,2026-01,70748,354572,9930,0,12,2,53,Crescimento
PRM-016,2026-02,69751,380058,10728,0,13,3,46,Crescimento
PRM-016,2026-03,68934,391291,10323,0,3,0,71,Crescimento
PRM-016,2026-04,71539,366079,10519,0,8,2,94,Crescimento
PRM-016,2026-05,69548,403166,10880,0,8,4,24,Crescimento
PRM-016,2026-06,71621,395551,12645,0,5,0,70,Crescimento
PRM-017,2025-07,35023,181227,27403,0,6,2,74,Crescimento
PRM-017,2025-08,38157,180330,24792,0,15,0,39,Crescimento
PRM-017,2025-09,38051,177501,26793,0,3,1,38,Crescimento
PRM-017,2025-10,38240,196137,29079,1,16,4,56,Crescimento
PRM-017,2025-11,40484,187912,26800,0,10,1,82,Crescimento
PRM-017,2025-12,38928,192408,26608,0,4,3,29,Crescimento
PRM-017,2026-01,41571,190487,25470,0,6,3,50,Crescimento
PRM-017,2026-02,42130,204065,25661,0,1,0,81,Crescimento
PRM-017,2026-03,41369,203996,31549,0,14,0,41,Crescimento
PRM-017,2026-04,41666,200488,30323,0,17,4,41,Crescimento
PRM-017,2026-05,41604,192024,26406,0,3,2,65,Crescimento
PRM-017,2026-06,44693,208245,31146,0,4,4,98,Crescimento
PRM-018,2025-07,23993,640038,17061,0,17,2,43,Crescimento
PRM-018,2025-08,24057,633596,15648,0,7,2,94,Crescimento
PRM-018,2025-09,25518,676389,15848,1,7,1,69,Crescimento
PRM-018,2025-10,23869,679847,16172,0,14,3,60,Crescimento
PRM-018,2025-11,24845,684846,17329,1,1,0,59,Crescimento
PRM-018,2025-12,25831,729434,18069,0,10,3,68,Crescimento
PRM-018,2026-01,26027,757911,18991,0,3,4,56,Crescimento
PRM-018,2026-02,24903,772126,19996,0,18,1,98,Crescimento
PRM-018,2026-03,25497,736527,21049,0,7,3,61,Crescimento
PRM-018,2026-04,26659,799069,21623,0,13,2,86,Crescimento
PRM-018,2026-05,26191,829271,21234,0,17,0,57,Crescimento
PRM-018,2026-06,27509,792148,21860,0,13,3,71,Crescimento
PRM-019,2025-07,43979,148853,31181,0,13,3,82,Crescimento
PRM-019,2025-08,43441,160710,32303,0,4,3,91,Crescimento
PRM-019,2025-09,46389,164742,28262,0,12,0,71,Crescimento
PRM-019,2025-10,44433,162889,33144,0,17,4,98,Crescimento
PRM-019,2025-11,47870,168619,29581,0,8,4,73,Crescimento
PRM-019,2025-12,46046,178174,30559,1,12,2,39,Crescimento
PRM-019,2026-01,47342,177276,28450,0,12,1,63,Crescimento
PRM-019,2026-02,47033,190324,30626,0,3,4,56,Crescimento
PRM-019,2026-03,48556,186434,29951,1,12,3,81,Crescimento
PRM-019,2026-04,50886,198143,28941,0,8,0,61,Crescimento
PRM-019,2026-05,51251,207063,30815,0,2,4,67,Crescimento
PRM-019,2026-06,48302,200061,31217,0,9,0,62,Crescimento
PRM-020,2025-07,52763,91797,15482,0,18,0,56,Crescimento
PRM-020,2025-08,52842,92722,15432,0,6,0,40,Crescimento
PRM-020,2025-09,56017,92644,15476,1,7,1,80,Crescimento
PRM-020,2025-10,54137,94455,18754,0,3,4,98,Crescimento
PRM-020,2025-11,57177,98797,18990,0,4,4,14,Crescimento
PRM-020,2025-12,53680,94167,17717,1,18,0,90,Crescimento
PRM-020,2026-01,55097,101765,20017,0,7,1,53,Crescimento
PRM-020,2026-02,57079,95409,20048,1,4,3,68,Crescimento
PRM-020,2026-03,55299,106299,19750,0,7,4,98,Crescimento
PRM-020,2026-04,57649,108503,19004,1,18,0,78,Crescimento
PRM-020,2026-05,56805,109960,21348,1,4,1,63,Crescimento
PRM-020,2026-06,56603,108201,21044,0,16,4,71,Crescimento
PRM-021,2025-07,40477,114825,9679,0,13,2,59,Crescimento
PRM-021,2025-08,42082,128603,10898,1,18,2,56,Crescimento
PRM-021,2025-09,42365,128334,9787,0,3,0,61,Crescimento
PRM-021,2025-10,41537,130375,9254,0,10,2,73,Crescimento
PRM-021,2025-11,42387,132813,10192,0,6,0,57,Crescimento
PRM-021,2025-12,45245,137290,10575,0,17,0,61,Crescimento
PRM-021,2026-01,46671,135876,10390,0,15,4,55,Crescimento
PRM-021,2026-02,45142,138260,10507,0,16,3,98,Crescimento
PRM-021,2026-03,47115,150344,10645,0,15,0,87,Crescimento
PRM-021,2026-04,45221,154579,11433,1,11,1,57,Crescimento
PRM-021,2026-05,48666,153628,10413,0,18,1,79,Crescimento
PRM-021,2026-06,50110,150097,11908,0,15,1,62,Crescimento
PRM-022,2025-07,45124,211912,7664,0,1,3,61,Crescimento
PRM-022,2025-08,45996,228889,8808,2,5,1,64,Crescimento
PRM-022,2025-09,48427,219976,7834,1,15,4,51,Crescimento
PRM-022,2025-10,48833,231873,8083,1,18,0,43,Crescimento
PRM-022,2025-11,50141,235005,8172,0,2,3,70,Crescimento
PRM-022,2025-12,53346,233285,7851,0,16,0,98,Crescimento
PRM-022,2026-01,52561,240753,8509,1,7,4,82,Crescimento
PRM-022,2026-02,52615,241068,8814,0,17,1,43,Crescimento
PRM-022,2026-03,56202,248711,8799,0,4,2,81,Crescimento
PRM-022,2026-04,57854,251317,9524,1,15,2,40,Crescimento
PRM-022,2026-05,60130,237603,8903,0,14,1,53,Crescimento
PRM-022,2026-06,59854,253100,9539,0,12,0,18,Crescimento
PRM-023,2025-07,50844,145747,6126,0,8,3,43,Crescimento
PRM-023,2025-08,52413,151634,7090,0,5,0,74,Crescimento
PRM-023,2025-09,54473,161079,6425,0,1,3,30,Crescimento
PRM-023,2025-10,55856,165006,7597,0,9,3,73,Crescimento
PRM-023,2025-11,55569,175129,7099,1,7,4,71,Crescimento
PRM-023,2025-12,54784,162901,6690,0,5,0,68,Crescimento
PRM-023,2026-01,54335,169443,6746,1,16,1,43,Crescimento
PRM-023,2026-02,56600,175316,7666,0,11,4,81,Crescimento
PRM-023,2026-03,60013,184744,7173,0,2,0,56,Crescimento
PRM-023,2026-04,61344,182304,8206,0,15,1,69,Crescimento
PRM-023,2026-05,59073,194138,8799,1,5,0,56,Crescimento
PRM-023,2026-06,61777,205900,7600,0,3,3,90,Crescimento
PRM-024,2025-07,27202,197735,11772,0,11,3,98,Crescimento
PRM-024,2025-08,27918,211033,10834,1,10,3,36,Crescimento
PRM-024,2025-09,27682,211236,11978,0,15,1,48,Crescimento
PRM-024,2025-10,29039,215662,12286,1,8,2,31,Crescimento
PRM-024,2025-11,30534,224786,12471,1,9,3,65,Crescimento
PRM-024,2025-12,31291,226815,12442,0,17,4,63,Crescimento
PRM-024,2026-01,32241,246998,12916,0,3,3,79,Crescimento
PRM-024,2026-02,32098,234215,12779,0,1,0,63,Crescimento
PRM-024,2026-03,32143,258991,13089,0,12,3,38,Crescimento
PRM-024,2026-04,33615,244976,13198,1,8,1,61,Crescimento
PRM-024,2026-05,32944,262837,11689,1,6,0,27,Crescimento
PRM-024,2026-06,35871,270708,10845,1,9,4,51,Crescimento
PRM-025,2025-07,56019,609340,27217,1,8,0,66,Crescimento
PRM-025,2025-08,57937,611208,23940,0,16,2,76,Crescimento
PRM-025,2025-09,62000,650717,26017,1,4,4,73,Crescimento
PRM-025,2025-10,59929,644728,27036,1,13,0,72,Crescimento
PRM-025,2025-11,63584,677745,29230,2,8,2,88,Crescimento
PRM-025,2025-12,62372,708139,27178,0,7,1,56,Crescimento
PRM-025,2026-01,65297,731869,29937,0,5,1,48,Crescimento
PRM-025,2026-02,67788,746405,27566,2,1,0,44,Crescimento
PRM-025,2026-03,65927,742593,28260,0,8,0,61,Crescimento
PRM-025,2026-04,66584,767800,32959,2,18,0,87,Crescimento
PRM-025,2026-05,73113,802785,34169,0,8,2,60,Crescimento
PRM-025,2026-06,69881,832411,36844,0,14,4,65,Crescimento
PRM-026,2025-07,26395,87407,41499,0,10,3,97,Crescimento
PRM-026,2025-08,25941,85997,37735,1,17,4,97,Crescimento
PRM-026,2025-09,27666,86087,38131,0,15,2,46,Crescimento
PRM-026,2025-10,28958,92818,40938,0,12,1,67,Crescimento
PRM-026,2025-11,27795,96128,42740,0,13,3,62,Crescimento
PRM-026,2025-12,28712,97402,40077,0,11,0,55,Crescimento
PRM-026,2026-01,31041,90472,44950,1,12,2,61,Crescimento
PRM-026,2026-02,31394,92973,38435,1,1,0,75,Crescimento
PRM-026,2026-03,30900,98730,39121,0,18,4,40,Crescimento
PRM-026,2026-04,32677,100875,44374,0,7,2,64,Crescimento
PRM-026,2026-05,32779,102844,45518,0,13,3,64,Crescimento
PRM-026,2026-06,34538,96318,40450,0,6,3,89,Crescimento
PRM-027,2025-07,50043,990270,16027,1,16,4,71,Crescimento
PRM-027,2025-08,50276,1023206,15923,0,18,3,55,Crescimento
PRM-027,2025-09,52856,1039722,17426,0,12,4,50,Crescimento
PRM-027,2025-10,50871,1102878,16040,2,14,4,69,Crescimento
PRM-027,2025-11,53890,1117124,16041,0,1,0,46,Crescimento
PRM-027,2025-12,53114,1127547,16588,1,15,1,62,Crescimento
PRM-027,2026-01,54563,1197659,15596,0,17,0,80,Crescimento
PRM-027,2026-02,51124,1231490,16101,0,6,1,41,Crescimento
PRM-027,2026-03,53042,1259306,18282,2,16,3,54,Crescimento
PRM-027,2026-04,54583,1288576,19986,0,14,4,69,Crescimento
PRM-027,2026-05,53466,1298946,19308,1,10,3,72,Crescimento
PRM-027,2026-06,54147,1335858,17739,1,15,4,87,Crescimento
PRM-028,2025-07,60490,568048,16698,0,16,1,69,Crescimento
PRM-028,2025-08,63039,596177,15721,1,3,0,67,Crescimento
PRM-028,2025-09,63982,577332,16085,1,18,4,77,Crescimento
PRM-028,2025-10,64852,586764,16193,2,7,0,94,Crescimento
PRM-028,2025-11,65941,624835,15354,2,4,4,68,Crescimento
PRM-028,2025-12,68002,638222,16034,1,12,1,87,Crescimento
PRM-028,2026-01,66417,670826,15936,1,16,2,56,Crescimento
PRM-028,2026-02,70459,683490,20038,2,1,1,52,Crescimento
PRM-028,2026-03,70275,680864,17741,1,11,0,65,Crescimento
PRM-028,2026-04,68904,693021,18815,0,16,0,62,Crescimento
PRM-028,2026-05,72574,728853,19408,1,13,4,70,Crescimento
PRM-028,2026-06,72373,715033,19043,0,17,1,73,Crescimento
PRM-029,2025-07,34825,104561,28920,1,1,2,77,Crescimento
PRM-029,2025-08,34327,105405,29865,0,13,3,66,Crescimento
PRM-029,2025-09,34994,104214,35096,0,3,3,81,Crescimento
PRM-029,2025-10,35047,112257,34329,0,10,3,60,Crescimento
PRM-029,2025-11,36069,109362,33312,0,15,2,50,Crescimento
PRM-029,2025-12,35100,121094,35823,1,11,0,76,Crescimento
PRM-029,2026-01,34765,114768,37057,0,16,3,41,Crescimento
PRM-029,2026-02,37982,122213,31945,0,10,4,71,Crescimento
PRM-029,2026-03,36174,131147,33223,0,8,4,80,Crescimento
PRM-029,2026-04,36209,127783,34477,1,4,0,61,Crescimento
PRM-029,2026-05,39025,130922,36560,0,7,1,44,Crescimento
PRM-029,2026-06,37408,132179,36758,0,15,3,72,Crescimento
PRM-030,2025-07,17156,467938,25222,0,5,1,48,Crescimento
PRM-030,2025-08,18205,458422,23790,0,18,3,57,Crescimento
PRM-030,2025-09,17481,453989,21823,0,16,0,68,Crescimento
PRM-030,2025-10,19134,497832,27274,0,16,1,90,Crescimento
PRM-030,2025-11,19194,521622,23483,0,11,2,56,Crescimento
PRM-030,2025-12,18698,495364,27160,0,16,1,47,Crescimento
PRM-030,2026-01,19072,545992,24529,0,13,1,98,Crescimento
PRM-030,2026-02,19802,534883,25537,0,16,4,62,Crescimento
PRM-030,2026-03,20303,542628,26075,1,7,3,73,Crescimento
PRM-030,2026-04,21814,560795,25296,0,6,0,53,Crescimento
PRM-030,2026-05,21334,555526,31815,0,7,2,55,Crescimento
PRM-030,2026-06,21640,577225,32563,0,17,1,98,Crescimento
PRM-031,2025-07,43027,383206,23854,0,10,4,51,Crescimento
PRM-031,2025-08,44536,433122,23721,0,3,1,84,Crescimento
PRM-031,2025-09,48518,441911,24198,0,16,1,60,Crescimento
PRM-031,2025-10,49208,421787,22703,0,11,1,50,Crescimento
PRM-031,2025-11,49969,476017,24912,1,11,3,73,Crescimento
PRM-031,2025-12,49542,461065,26336,0,18,1,65,Crescimento
PRM-031,2026-01,51107,470226,22845,0,7,0,78,Crescimento
PRM-031,2026-02,51541,497847,23380,1,15,2,67,Crescimento
PRM-031,2026-03,52255,500519,23727,1,2,4,71,Crescimento
PRM-031,2026-04,57394,505197,25575,0,17,1,53,Crescimento
PRM-031,2026-05,57643,515064,27318,0,11,4,26,Crescimento
PRM-031,2026-06,56202,544155,27285,0,16,2,66,Crescimento
PRM-032,2025-07,54160,414242,34876,1,1,0,75,Crescimento
PRM-032,2025-08,57193,448118,35411,0,11,4,58,Crescimento
PRM-032,2025-09,58690,467503,33772,0,5,2,98,Crescimento
PRM-032,2025-10,58394,455456,34043,0,15,3,61,Crescimento
PRM-032,2025-11,59347,468574,39872,1,13,3,66,Crescimento
PRM-032,2025-12,60122,476652,36069,0,3,1,57,Crescimento
PRM-032,2026-01,61327,486941,40415,0,15,1,51,Crescimento
PRM-032,2026-02,63501,535100,37732,0,13,2,72,Crescimento
PRM-032,2026-03,64263,544768,37864,0,16,0,47,Crescimento
PRM-032,2026-04,63461,548595,44317,1,8,3,72,Crescimento
PRM-032,2026-05,69328,589609,37185,0,16,4,64,Crescimento
PRM-032,2026-06,68863,574553,39468,1,2,0,63,Crescimento
PRM-033,2025-07,19466,641561,32016,0,13,2,98,Crescimento
PRM-033,2025-08,20406,654108,35018,0,15,3,73,Crescimento
PRM-033,2025-09,21160,628390,36013,0,7,4,59,Crescimento
PRM-033,2025-10,20712,645234,36514,1,4,0,56,Crescimento
PRM-033,2025-11,22498,672664,33839,0,12,0,84,Crescimento
PRM-033,2025-12,22727,669207,34179,0,11,0,68,Crescimento
PRM-033,2026-01,22076,669922,37824,0,4,3,57,Crescimento
PRM-033,2026-02,23441,680397,33775,0,5,0,98,Crescimento
PRM-033,2026-03,22863,684544,36840,0,7,2,53,Crescimento
PRM-033,2026-04,23327,653986,37624,0,12,0,58,Crescimento
PRM-033,2026-05,25308,687551,37017,0,12,3,45,Crescimento
PRM-033,2026-06,25179,673662,35922,1,9,3,80,Crescimento
PRM-034,2025-07,29570,233808,25258,0,13,1,49,Crescimento
PRM-034,2025-08,27998,237293,25070,0,4,3,38,Crescimento
PRM-034,2025-09,28611,230658,24877,1,8,0,72,Crescimento
PRM-034,2025-10,31271,238724,27151,0,15,0,77,Crescimento
PRM-034,2025-11,29648,240179,26577,0,4,4,40,Crescimento
PRM-034,2025-12,31085,233225,27225,0,8,1,10,Crescimento
PRM-034,2026-01,31190,232330,30371,0,8,4,35,Crescimento
PRM-034,2026-02,33155,227403,26742,0,18,1,63,Crescimento
PRM-034,2026-03,32772,230201,31180,0,1,0,37,Crescimento
PRM-034,2026-04,32623,243229,29114,0,12,3,62,Crescimento
PRM-034,2026-05,34509,244002,29518,0,16,3,29,Crescimento
PRM-034,2026-06,35348,242212,29805,0,5,0,85,Crescimento
PRM-035,2025-07,43631,876944,15362,0,3,4,81,Crescimento
PRM-035,2025-08,46813,928349,17794,1,13,0,70,Crescimento
PRM-035,2025-09,45482,863900,16253,2,7,1,72,Crescimento
PRM-035,2025-10,45965,931941,16867,0,15,4,77,Crescimento
PRM-035,2025-11,47353,944113,17082,0,10,4,78,Crescimento
PRM-035,2025-12,46274,1002965,19510,0,9,0,80,Crescimento
PRM-035,2026-01,47307,948105,21163,0,4,0,98,Crescimento
PRM-035,2026-02,48758,971333,18077,0,6,4,94,Crescimento
PRM-035,2026-03,48116,1052736,21914,0,3,0,64,Crescimento
PRM-035,2026-04,48213,1047678,22778,1,17,4,78,Crescimento
PRM-035,2026-05,46874,1028233,22641,0,10,3,44,Crescimento
PRM-035,2026-06,50292,1023940,20044,2,10,2,97,Crescimento
PRM-036,2025-07,38508,872669,10061,0,13,0,79,Crescimento
PRM-036,2025-08,41138,881692,9414,1,11,1,68,Crescimento
PRM-036,2025-09,40495,912132,9250,0,10,0,26,Crescimento
PRM-036,2025-10,41086,951554,9293,2,7,2,73,Crescimento
PRM-036,2025-11,42945,975762,9620,0,1,0,58,Crescimento
PRM-036,2025-12,41845,1033172,10664,1,15,3,46,Crescimento
PRM-036,2026-01,42073,1009079,10286,1,6,3,60,Crescimento
PRM-036,2026-02,44776,982013,10139,0,17,4,60,Crescimento
PRM-036,2026-03,45958,1006602,11215,0,2,4,34,Crescimento
PRM-036,2026-04,45662,1047370,11670,0,7,3,50,Crescimento
PRM-036,2026-05,46390,1106686,12036,1,15,2,89,Crescimento
PRM-036,2026-06,46504,1099842,10370,1,2,4,44,Crescimento
PRM-037,2025-07,21395,466627,11477,0,15,3,31,Crescimento
PRM-037,2025-08,22120,475645,11955,0,15,0,61,Crescimento
PRM-037,2025-09,21590,486315,12429,0,17,3,71,Crescimento
PRM-037,2025-10,22216,466261,14427,0,11,2,33,Crescimento
PRM-037,2025-11,23102,478460,14039,2,12,2,98,Crescimento
PRM-037,2025-12,24150,518906,14005,1,4,1,70,Crescimento
PRM-037,2026-01,24542,527590,13705,0,13,4,93,Crescimento
PRM-037,2026-02,25098,554283,15122,2,1,1,42,Crescimento
PRM-037,2026-03,24220,583888,15632,0,13,4,66,Crescimento
PRM-037,2026-04,24904,556320,14755,1,16,0,85,Crescimento
PRM-037,2026-05,25050,569425,15989,1,12,3,41,Crescimento
PRM-037,2026-06,26038,614166,17297,0,2,4,51,Crescimento
PRM-038,2025-07,30879,879774,20661,1,2,3,49,Crescimento
PRM-038,2025-08,31682,898181,19802,2,17,1,52,Crescimento
PRM-038,2025-09,31625,874645,22632,1,12,2,64,Crescimento
PRM-038,2025-10,32304,935033,23984,0,13,2,63,Crescimento
PRM-038,2025-11,34261,940711,20235,1,15,1,66,Crescimento
PRM-038,2025-12,35236,990533,24716,1,16,2,76,Crescimento
PRM-038,2026-01,35978,1009520,21533,0,6,2,65,Crescimento
PRM-038,2026-02,37358,1002117,24584,1,9,2,66,Crescimento
PRM-038,2026-03,36772,1039294,25442,0,5,0,55,Crescimento
PRM-038,2026-04,36524,1010404,24130,1,8,1,51,Crescimento
PRM-038,2026-05,39019,1116410,22395,0,11,2,72,Crescimento
PRM-038,2026-06,37003,1129325,24234,0,6,2,28,Crescimento
PRM-039,2025-07,25648,620400,7011,0,17,1,65,Crescimento
PRM-039,2025-08,27170,620571,7425,0,10,1,62,Crescimento
PRM-039,2025-09,26279,648343,7712,0,16,3,95,Crescimento
PRM-039,2025-10,27308,697930,7795,0,5,0,28,Crescimento
PRM-039,2025-11,27270,720909,8018,0,6,4,68,Crescimento
PRM-039,2025-12,26399,709551,7075,0,18,4,44,Crescimento
PRM-039,2026-01,28115,746827,8043,0,2,1,54,Crescimento
PRM-039,2026-02,28043,786599,8248,0,15,1,96,Crescimento
PRM-039,2026-03,27046,766640,7870,0,17,3,48,Crescimento
PRM-039,2026-04,28283,806996,9082,0,7,2,68,Crescimento
PRM-039,2026-05,28003,797743,8976,0,11,1,72,Crescimento
PRM-039,2026-06,27222,859850,8256,0,15,1,58,Crescimento
PRM-040,2025-07,51485,120175,9656,0,3,3,19,Crescimento
PRM-040,2025-08,52605,117537,9981,1,15,3,61,Crescimento
PRM-040,2025-09,55485,130482,11531,0,4,1,81,Crescimento
PRM-040,2025-10,54419,124678,11295,0,16,0,40,Crescimento
PRM-040,2025-11,54357,134115,11276,0,15,3,60,Crescimento
PRM-040,2025-12,56513,138349,10183,2,9,3,60,Crescimento
PRM-040,2026-01,54218,139202,11991,0,7,2,60,Crescimento
PRM-040,2026-02,55268,142018,12494,0,12,1,60,Crescimento
PRM-040,2026-03,59892,143436,13014,1,12,3,52,Crescimento
PRM-040,2026-04,59004,141530,12407,2,11,0,82,Crescimento
PRM-040,2026-05,60140,145584,12869,0,17,2,43,Crescimento
PRM-040,2026-06,58973,146472,12420,0,3,1,68,Crescimento
PRM-041,2025-07,28359,417967,5076,1,4,4,51,Crescimento
PRM-041,2025-08,29616,429276,5880,0,5,4,62,Crescimento
PRM-041,2025-09,30307,430256,5641,1,4,1,26,Crescimento
PRM-041,2025-10,29712,456020,5817,0,7,1,41,Crescimento
PRM-041,2025-11,32112,461914,5481,0,12,3,98,Crescimento
PRM-041,2025-12,31196,465839,6662,1,12,3,59,Crescimento
PRM-041,2026-01,33094,459514,6518,0,18,2,60,Crescimento
PRM-041,2026-02,32881,468956,7076,1,18,1,41,Crescimento
PRM-041,2026-03,33974,444076,7432,0,12,2,53,Crescimento
PRM-041,2026-04,34455,446590,7541,2,5,3,97,Crescimento
PRM-041,2026-05,35400,498364,6812,1,7,3,75,Crescimento
PRM-041,2026-06,35526,482418,7184,2,4,1,45,Crescimento
PRM-042,2025-07,17109,1113154,21734,1,8,3,72,Crescimento
PRM-042,2025-08,17933,1122718,22066,2,17,3,98,Crescimento
PRM-042,2025-09,17059,1136208,26289,1,14,1,86,Crescimento
PRM-042,2025-10,17438,1083490,22151,0,18,3,41,Crescimento
PRM-042,2025-11,18238,1102814,26003,0,15,0,73,Crescimento
PRM-042,2025-12,18512,1110874,25378,1,11,1,48,Crescimento
PRM-042,2026-01,17908,1155983,26378,0,12,1,81,Crescimento
PRM-042,2026-02,18123,1195636,23053,1,6,0,57,Crescimento
PRM-042,2026-03,19426,1152938,25588,1,5,4,68,Crescimento
PRM-042,2026-04,18828,1158302,25072,1,7,3,65,Crescimento
PRM-042,2026-05,19735,1167999,27349,1,7,2,79,Crescimento
PRM-042,2026-06,19343,1199104,25822,0,15,1,56,Crescimento
PRM-043,2025-07,29326,520758,8587,1,7,4,92,Crescimento
PRM-043,2025-08,29372,558373,8212,0,15,2,72,Crescimento
PRM-043,2025-09,29992,569491,7971,1,17,0,56,Crescimento
PRM-043,2025-10,31042,567326,9658,1,8,3,53,Crescimento
PRM-043,2025-11,29815,567713,9261,1,1,2,83,Crescimento
PRM-043,2025-12,29923,566616,8546,2,8,1,54,Crescimento
PRM-043,2026-01,31521,619088,9631,0,2,4,65,Crescimento
PRM-043,2026-02,30252,616871,9654,1,14,3,38,Crescimento
PRM-043,2026-03,29936,645468,9656,2,18,1,79,Crescimento
PRM-043,2026-04,30320,620913,10879,2,15,2,98,Crescimento
PRM-043,2026-05,29937,676932,10476,0,15,0,82,Crescimento
PRM-043,2026-06,30808,668854,10862,0,11,1,71,Crescimento
PRM-044,2025-07,19090,197916,38677,1,18,4,50,Crescimento
PRM-044,2025-08,18541,200560,34113,0,2,0,51,Crescimento
PRM-044,2025-09,19705,208815,38513,0,8,2,44,Crescimento
PRM-044,2025-10,19429,215355,41538,2,3,2,62,Crescimento
PRM-044,2025-11,19569,221916,37044,1,16,0,49,Crescimento
PRM-044,2025-12,19776,222638,41804,0,14,1,72,Crescimento
PRM-044,2026-01,20102,238908,40092,1,5,1,47,Crescimento
PRM-044,2026-02,20642,229642,40105,2,5,3,70,Crescimento
PRM-044,2026-03,21423,242162,39092,0,14,1,85,Crescimento
PRM-044,2026-04,20810,245727,37757,0,17,0,43,Crescimento
PRM-044,2026-05,21322,263076,44269,0,13,3,45,Crescimento
PRM-044,2026-06,22457,258997,38809,0,16,0,74,Crescimento
PRM-045,2025-07,49134,470202,22374,0,7,2,88,Crescimento
PRM-045,2025-08,50712,486257,23743,0,15,2,86,Crescimento
PRM-045,2025-09,51458,489254,24448,0,12,4,73,Crescimento
PRM-045,2025-10,52315,483165,23366,0,16,3,30,Crescimento
PRM-045,2025-11,54891,494966,26883,1,16,1,70,Crescimento
PRM-045,2025-12,56073,520030,24610,1,6,2,52,Crescimento
PRM-045,2026-01,53901,504910,26637,1,9,0,60,Crescimento
PRM-045,2026-02,59284,509441,24438,1,1,4,48,Crescimento
PRM-045,2026-03,58888,543654,25141,0,18,1,51,Crescimento
PRM-045,2026-04,56908,531560,29683,0,13,4,73,Crescimento
PRM-045,2026-05,60073,579339,30009,1,15,4,89,Crescimento
PRM-045,2026-06,60408,582900,30386,0,13,4,46,Crescimento
PRM-046,2025-07,64269,179407,18128,0,18,0,63,Crescimento
PRM-046,2025-08,60631,173838,20521,1,12,0,69,Crescimento
PRM-046,2025-09,61800,170437,21292,1,14,2,66,Crescimento
PRM-046,2025-10,62665,173761,20829,1,11,3,57,Crescimento
PRM-046,2025-11,65292,173322,18701,0,9,0,52,Crescimento
PRM-046,2025-12,65148,188388,21391,1,5,1,61,Crescimento
PRM-046,2026-01,66093,178522,19391,0,7,0,71,Crescimento
PRM-046,2026-02,65976,178370,23641,0,5,0,79,Crescimento
PRM-046,2026-03,68066,180943,21702,1,10,1,43,Crescimento
PRM-046,2026-04,72980,191871,22489,0,6,4,64,Crescimento
PRM-046,2026-05,71256,196037,23356,0,18,1,74,Crescimento
PRM-046,2026-06,69349,196073,20903,1,6,1,59,Crescimento
PRM-047,2025-07,56326,210737,26710,0,15,3,78,Crescimento
PRM-047,2025-08,56326,217057,24863,0,4,1,74,Crescimento
PRM-047,2025-09,59769,211594,27830,0,18,3,74,Crescimento
PRM-047,2025-10,58430,222099,26358,0,4,4,85,Crescimento
PRM-047,2025-11,58832,228132,28664,1,13,4,67,Crescimento
PRM-047,2025-12,57535,225268,24902,1,15,2,53,Crescimento
PRM-047,2026-01,61400,243176,31132,0,15,2,75,Crescimento
PRM-047,2026-02,61044,243568,29382,1,18,4,67,Crescimento
PRM-047,2026-03,58052,253884,31489,0,9,0,32,Crescimento
PRM-047,2026-04,62850,243704,30947,0,15,1,63,Crescimento
PRM-047,2026-05,62270,270020,33966,0,12,1,56,Crescimento
PRM-047,2026-06,63897,257768,31060,0,6,2,89,Crescimento
PRM-048,2025-07,17750,800298,15224,1,17,2,55,Crescimento
PRM-048,2025-08,18543,875511,16323,0,10,4,75,Crescimento
PRM-048,2025-09,19029,874170,16412,0,10,0,51,Crescimento
PRM-048,2025-10,19847,880681,15734,0,3,4,48,Crescimento
PRM-048,2025-11,19745,851530,14611,0,14,1,53,Crescimento
PRM-048,2025-12,20322,892361,15048,0,1,4,84,Crescimento
PRM-048,2026-01,20276,864188,15340,1,13,3,43,Crescimento
PRM-048,2026-02,20700,848366,16035,0,12,0,84,Crescimento
PRM-048,2026-03,21123,923636,19151,0,12,0,70,Crescimento
PRM-048,2026-04,21596,902303,18647,0,11,0,57,Crescimento
PRM-048,2026-05,22275,873203,19091,0,4,0,70,Crescimento
PRM-048,2026-06,23262,959717,19763,1,15,3,75,Crescimento
PRM-049,2025-07,62795,293952,33206,0,12,3,98,Crescimento
PRM-049,2025-08,62574,311684,28674,1,14,1,57,Crescimento
PRM-049,2025-09,67131,327842,29161,0,12,3,76,Crescimento
PRM-049,2025-10,64558,350005,33598,0,14,2,76,Crescimento
PRM-049,2025-11,63286,353555,31417,0,6,1,44,Crescimento
PRM-049,2025-12,63621,347310,29764,0,3,1,56,Crescimento
PRM-049,2026-01,65031,357550,31035,0,5,1,98,Crescimento
PRM-049,2026-02,66853,378277,29633,0,10,1,86,Crescimento
PRM-049,2026-03,69305,382244,30948,0,7,0,68,Crescimento
PRM-049,2026-04,67057,376618,35414,1,9,2,56,Crescimento
PRM-049,2026-05,70985,410878,31985,1,2,4,57,Crescimento
PRM-049,2026-06,69965,401128,29707,0,18,4,80,Crescimento
PRM-050,2025-07,48655,284287,28414,2,9,2,37,Crescimento
PRM-050,2025-08,48796,273198,30289,0,10,4,78,Crescimento
PRM-050,2025-09,48186,289670,34870,0,15,1,40,Crescimento
PRM-050,2025-10,50142,289003,33249,2,2,1,67,Crescimento
PRM-050,2025-11,53944,301369,35155,0,2,3,54,Crescimento
PRM-050,2025-12,55296,310983,33935,1,6,4,44,Crescimento
PRM-050,2026-01,53369,304902,33195,1,7,2,23,Crescimento
PRM-050,2026-02,55128,315636,37408,1,1,2,39,Crescimento
PRM-050,2026-03,57884,323598,33405,0,12,2,73,Crescimento
PRM-050,2026-04,55884,344392,34010,2,7,4,41,Crescimento
PRM-050,2026-05,57575,343151,37352,0,17,1,58,Crescimento
PRM-050,2026-06,60577,344645,32708,0,5,0,62,Crescimento
